{
  "main_key": [
      {
        "id": 0,
        "text": "Esc",
        "code": 41,
        "name": "ESC",
        "x": 0,
        "y": 0,
        "w": 1,
        "h": 1
      },
      {
        "id": 1,
        "text": "F1",
        "code": 58,
        "name": "F1",
        "x": 2,
        "y": 0,
        "w": 1,
        "h": 1
      },
      {
        "id": 2,
        "text": "F2",
        "code": 59,
        "name": "F2",
        "x": 3,
        "y": 0,
        "w": 1,
        "h": 1
      },
      {
        "id": 3,
        "text": "F3",
        "code": 60,
        "name": "F3",
        "x": 4,
        "y": 0,
        "w": 1,
        "h": 1
      },
      {
        "id": 4,
        "text": "F4",
        "code": 61,
        "name": "F4",
        "x": 5,
        "y": 0,
        "w": 1,
        "h": 1
      },
      {
        "id": 5,
        "text": "F5",
        "code": 62,
        "name": "F5",
        "x": 6.5,
        "y": 0,
        "w": 1,
        "h": 1
      },
      {
        "id": 6,
        "text": "F6",
        "code":63,
        "name": "F6",
        "x": 7.5,
        "y": 0,
        "w": 1,
        "h": 1
      },
      {
        "id": 7,
        "text": "F7",
        "code": 64,
        "name": "F7",
        "x": 8.5,
        "y": 0,
        "w": 1,
        "h": 1
      },
      {
        "id": 8,
        "text": "F8",
        "code": 65,
        "name": "F8",
        "x":9.5,
        "y": 0,
        "w": 1,
        "h": 1
      },
      {
        "id": 9,
        "text": "F9",
        "code": 66,
        "name": "F9",
        "x": 11,
        "y": 0,
        "w": 1,
        "h": 1
      },
      {
        "id": 10,
        "text": "F10",
        "code": 67,
        "name": "F10",
        "x": 12,
        "y": 0,
        "w": 1,
        "h": 1
      },
      {
        "id": 11,
        "text": "F11",
        "code": 68,
        "name": "F11",
        "x": 13,
        "y": 0,
        "w": 1,
        "h": 1
      },
      {
        "id": 12,
        "text": "F12",
        "code": 69,
        "name": "F12",
        "x": 14,
        "y": 0,
        "w": 1,
        "h": 1
      },
      {
        "id": 13,
        "text": "PrtSc",
        "code": 70,
        "name": "PrtSc",
        "x": 15.25,
        "y": 0,
        "w": 1,
        "h": 1
      },
      {
        "id": 14,
        "text": "Scr\nLock",
        "code": 71,
        "name": "ScrollLock",
        "x": 16.25,
        "y": 0,
        "w": 1,
        "h": 1
      },
      {
        "id": 15,
        "text": "Pause",
        "code": 72,
        "name": "Pause",
        "x": 17.25,
        "y": 0,
        "w": 1,
        "h": 1
      },
      {
        "id": 16,
        "text": "~\n`",
        "code": 53,
        "name": "~\n`",
        "x": 0,
        "y": 1.5,
        "w": 1,
        "h": 1
      },
      {
        "id": 17,
        "text": "!\n1",
        "code": 30,
        "name": "!\n1",
        "x": 1,
        "y": 1.5,
        "w": 1,
        "h": 1
      },
      {
        "id": 18,
        "text": "@\n2",
        "code": 31,
        "name": "@\n2",
        "x": 2,
        "y": 1.5,
        "w": 1,
        "h": 1
      },
      {
        "id": 19,
        "text": "#\n3",
        "code": 32,
        "name": "#\n3",
        "x": 3,
        "y": 1.5,
        "w": 1,
        "h": 1
      },
      {
        "id": 20,
        "text": "$\n4",
        "code": 33,
        "name": "$\n4",
        "x": 4,
        "y": 1.5,
        "w": 1,
        "h": 1
      },
      {
        "id": 21,
        "text": "%\n5",
        "code": 34,
        "name": "%\n5",
        "x": 5,
        "y": 1.5,
        "w": 1,
        "h": 1
      },
      {
        "id": 22,
        "text": "^\n6",
        "code": 35,
        "name": "^\n6",
        "x": 6,
        "y": 1.5,
        "w": 1,
        "h": 1
      },
      {
        "id": 23,
        "text": "&&\n7",
        "code": 36,
        "name": "&&\n7",
        "x": 7,
        "y": 1.5,
        "w": 1,
        "h": 1
      },
      {
        "id": 24,
        "text": "*\n8",
        "code": 37,
        "name": "*\n8",
        "x": 8,
        "y": 1.5,
        "w": 1,
        "h": 1
      },
      {
        "id": 25,
        "text": "(\n9",
        "code": 38,
        "name": "(\n9",
        "x": 9,
        "y": 1.5,
        "w": 1,
        "h": 1
      },
      {
        "id": 26,
        "text": ")\n0",
        "code": 39,
        "name": ")\n0",
        "x": 10,
        "y": 1.5,
        "w": 1,
        "h": 1
      },
      {
        "id": 27,
        "text": "—\n-",
        "code": 45,
        "name": "—\n-",
        "x": 11,
        "y": 1.5,
        "w": 1,
        "h": 1
      },
      {
        "id": 28,
        "text": "+\n=",
        "code": 46,
        "name": "+\n=",
        "x": 12,
        "y": 1.5,
        "w": 1,
        "h": 1
      },
      {
        "id": 29,
        "text": "Backspace",
        "code": 42,
        "name": "Backspace",
        "x": 13,
        "y": 1.5,
        "w": 2,
        "h": 1
      },
      {
        "id": 30,
        "text": "Insert",
        "code": 73,
        "name": "Insert",
        "x": 15.25,
        "y": 1.5,
        "w": 1,
        "h": 1
      },
      {
        "id": 31,
        "text": "HOME",
        "code": 74,
        "name": "Home",
        "x": 16.25,
        "y": 1.5,
        "w": 1,
        "h": 1
      },
      {
        "id": 32,
        "text": "PgUp",
        "code": 75,
        "name": "PgUp",
        "x": 17.25,
        "y": 1.5,
        "w": 1,
        "h": 1
      },
      {
        "id": 33,
        "text": "Num\nLock",
        "code": 83,
        "name": "Num Lock",
        "x": 18.5,
        "y": 1.5,
        "w": 1,
        "h": 1
      },
      {
        "id": 34,
        "text": "/",
        "code": 84,
        "name": "/",
        "x": 19.5,
        "y": 1.5,
        "w": 1,
        "h": 1
      },
      {
        "id": 35,
        "text": "*",
        "code": 85,
        "name": "*",
        "x": 20.5,
        "y": 1.5,
        "w": 1,
        "h": 1
      },
      {
        "id": 36,
        "text": "-",
        "code": 86,
        "name": "-",
        "x": 21.5,
        "y": 1.5,
        "w": 1,
        "h": 1
      },
      {
        "id": 37,
        "text": "TAB",
        "code": 43,
        "name": "TAB",
        "x": 0,
        "y": 2.5,
        "w": 1.5,
        "h": 1
      },
      {
        "id": 38,
        "text": "Q",
        "code": 20,
        "name": "Q",
        "x": 1.5,
        "y": 2.5,
        "w": 1,
        "h": 1
      },
      {
        "id": 39,
        "text": "W",
        "code": 26,
        "name": "W",
        "x": 2.5,
        "y": 2.5,
        "w": 1,
        "h": 1
      },
      {
        "id": 40,
        "text": "E",
        "code": 8,
        "name": "E",
        "x": 3.5,
        "y": 2.5,
        "w": 1,
        "h": 1
      },
      {
        "id": 41,
        "text": "R",
        "code": 21,
        "name": "R",
        "x": 4.5,
        "y": 2.5,
        "w": 1,
        "h": 1
      },
      {
        "id": 42,
        "text": "T",
        "code": 23,
        "name": "T",
        "x": 5.5,
        "y": 2.5,
        "w": 1,
        "h": 1
      },
      {
        "id": 43,
        "text": "Y",
        "code": 28,
        "name": "Y",
        "x": 6.5,
        "y": 2.5,
        "w": 1,
        "h": 1
      },
      {
        "id": 44,
        "text": "U",
        "code": 24,
        "name": "U",
        "x": 7.5,
        "y": 2.5,
        "w": 1,
        "h": 1
      },
      {
        "id": 45,
        "text": "I",
        "code": 12,
        "name": "I",
        "x": 8.5,
        "y": 2.5,
        "w": 1,
        "h": 1
      },
      {
        "id": 46,
        "text": "O",
        "code": 18,
        "name": "O",
        "x": 9.5,
        "y": 2.5,
        "w": 1,
        "h": 1
      },
      {
        "id": 47,
        "text": "P",
        "code": 19,
        "name": "P",
        "x": 10.5,
        "y": 2.5,
        "w": 1,
        "h": 1
      },
      {
        "id": 48,
        "text": "{\n[",
        "code": 47,
        "name": "{\n[",
        "x": 11.5,
        "y": 2.5,
        "w": 1,
        "h": 1
      },
      {
        "id": 49,
        "text": "}\n]",
        "code": 48,
        "name": "}\n]",
        "x": 12.5,
        "y": 2.5,
        "w": 1,
        "h": 1
      },
      {
        "id": 50,
        "text": "|\n\\",
        "code": 49,
        "name": "|\n\\",
        "x": 13.5,
        "y": 2.5,
        "w": 1.5,
        "h": 1
      },
      {
        "id": 51,
        "text": "Delete",
        "code": 76,
        "name": "Delete",
        "x": 15.25,
        "y": 2.5,
        "w": 1,
        "h": 1
      },
      {
        "id": 52,
        "text": "END",
        "code": 77,
        "name": "End",
        "x": 16.25,
        "y": 2.5,
        "w": 1,
        "h": 1
      },
      {
        "id": 53,
        "text": "PgDn",
        "code": 78,
        "name": "PgDn",
        "x": 17.25,
        "y": 2.5,
        "w": 1,
        "h": 1
      },
      {
        "id": 54,
        "text": "7\nHome",
        "code": 95,
        "name": "7\nHome",
        "x": 18.5,
        "y": 2.5,
        "w": 1,
        "h": 1
      },
      {
        "id": 55,
        "text": "8\n↑",
        "code": 96,
        "name": "8\n↑",
        "x": 19.5,
        "y": 2.5,
        "w": 1,
        "h": 1
      },
      {
        "id": 56,
        "text": "9\nPgUp",
        "code": 97,
        "name": "9\nPgUp",
        "x": 20.5,
        "y": 2.5,
        "w": 1,
        "h": 1
      },
      {
        "id": 57,
        "text": "+",
        "code": 87,
        "name": "+",
        "x": 21.5,
        "y": 2.5,
        "w": 1,
        "h": 2
      },
      {
        "id": 58,
        "text": "Caps\nLock",
        "code": 57,
        "name": "Caps Lock",
        "x": 0,
        "y": 3.5,
        "w": 1.75,
        "h": 1
      },
      {
        "id": 59,
        "text": "A",
        "code":4,
        "name": "A",
        "x": 1.75,
        "y": 3.5,
        "w": 1,
        "h": 1
      },
      {
        "id": 60,
        "text": "S",
        "code": 22,
        "name": "S",
        "x": 2.75,
        "y": 3.5,
        "w": 1,
        "h": 1
      },
      {
        "id": 61,
        "text": "D",
        "code": 7,
        "name": "D",
        "x": 3.75,
        "y": 3.5,
        "w": 1,
        "h": 1
      },
      {
        "id": 62,
        "text": "F",
        "code": 9,
        "name": "F",
        "x": 4.75,
        "y": 3.5,
        "w": 1,
        "h": 1
      },
      {
        "id": 63,
        "text": "G",
        "code": 10,
        "name": "G",
        "x": 5.75,
        "y": 3.5,
        "w": 1,
        "h": 1
      },
      {
        "id": 64,
        "text": "H",
        "code": 11,
        "name": "H",
        "x": 6.75,
        "y": 3.5,
        "w": 1,
        "h": 1
      },
      {
        "id": 65,
        "text": "J",
        "code": 13,
        "name": "J",
        "x": 7.75,
        "y": 3.5,
        "w": 1,
        "h": 1
      },
      {
        "id": 66,
        "text": "K",
        "code": 14,
        "name": "K",
        "x": 8.75,
        "y": 3.5,
        "w": 1,
        "h": 1
      },
      {
        "id": 67,
        "text": "L",
        "code": 15,
        "name": "L",
        "x": 9.75,
        "y": 3.5,
        "w": 1,
        "h": 1
      },
      {
        "id": 68,
        "text": ":\n;",
        "code": 51,
        "name": ":\n;",
        "x": 10.75,
        "y": 3.5,
        "w": 1,
        "h": 1
      },
      {
        "id": 69,
        "text": "\"\n'",
        "code": 52,
        "name": "\"\n'",
        "x": 11.75,
        "y": 3.5,
        "w": 1,
        "h": 1
      },
      {
        "id": 70,
        "text": "ENTER",
        "code": 40,
        "name": "Enter",
        "x": 12.75,
        "y": 3.5,
        "w": 2.25,
        "h": 1
      },
      {
        "id": 71,
        "text": "4\n←",
        "code": 92,
        "name": "4\n←",
        "x": 18.5,
        "y": 3.5,
        "w": 1,
        "h": 1
      },
      {
        "id": 72,
        "text": "5",
        "code": 93,
        "name": "5",
        "x": 19.5,
        "y": 3.5,
        "w": 1,
        "h": 1
      },
      {
        "id": 73,
        "text": "6\n→",
        "code": 94,
        "name": "6\n→",
        "x": 20.5,
        "y": 3.5,
        "w": 1,
        "h": 1
      },
      {
        "id": 74,
        "text": "LShift",
        "code": 225,
        "name": "LShift",
        "x": 0,
        "y": 4.5,
        "w": 2.25,
        "h": 1
      },
      {
        "id": 75,
        "text": "Z",
        "code": 29,
        "name": "Z",
        "x": 2.25,
        "y": 4.5,
        "w": 1,
        "h": 1
      },
      {
        "id": 76,
        "text": "X",
        "code": 27,
        "name": "X",
        "x": 3.25,
        "y": 4.5,
        "w": 1,
        "h": 1
      },
      {
        "id": 77,
        "text": "C",
        "code": 6,
        "name": "C",
        "x": 4.25,
        "y": 4.5,
        "w": 1,
        "h": 1
      },
      {
        "id": 78,
        "text": "V",
        "code": 25,
        "name": "V",
        "x": 5.25,
        "y": 4.5,
        "w": 1,
        "h": 1
      },
      {
        "id": 79,
        "text": "B",
        "code": 5,
        "name": "B",
        "x": 6.25,
        "y": 4.5,
        "w": 1,
        "h": 1
      },
      {
        "id": 80,
        "text": "N",
        "code": 17,
        "name": "N",
        "x": 7.25,
        "y": 4.5,
        "w": 1,
        "h": 1
      },
      {
        "id": 81,
        "text": "M",
        "code": 16,
        "name": "M",
        "x": 8.25,
        "y": 4.5,
        "w": 1,
        "h": 1
      },
      {
        "id": 82,
        "text": "<\n,",
        "code": 54,
        "name": "<\n,",
        "x": 9.25,
        "y": 4.5,
        "w": 1,
        "h": 1
      },
      {
        "id": 83,
        "text": ">\n.",
        "code": 55,
        "name": ">\n.",
        "x": 10.25,
        "y": 4.5,
        "w": 1,
        "h": 1
      },
      {
        "id": 84,
        "text": "?\n/",
        "code": 56,
        "name": "?\n/",
        "x": 11.25,
        "y": 4.5,
        "w": 1,
        "h": 1
      },
      {
        "id": 85,
        "text": "RShift",
        "code": 229,
        "name": "RShift",
        "x": 12.25,
        "y": 4.5,
        "w": 2.75,
        "h": 1
      },
      {
        "id": 86,
        "text": "↑",
        "code": 82,
        "name": "↑",
        "x": 16.25,
        "y": 4.5,
        "w": 1,
        "h": 1
      },
      {
        "id": 87,
        "text": "1\nEnd",
        "code": 89,
        "name": "1\nEnd",
        "x": 18.5,
        "y": 4.5,
        "w": 1,
        "h": 1
      },
      {
        "id": 88,
        "text": "2\n↓",
        "code": 90,
        "name": "2\n↓",
        "x": 19.5,
        "y": 4.5,
        "w": 1,
        "h": 1
      },
      {
        "id": 89,
        "text": "3\nPgDn",
        "code": 91,
        "name": "3\nPgDn",
        "x": 20.5,
        "y": 4.5,
        "w": 1,
        "h": 1
      },
      {
        "id": 90,
        "text": "Enter",
        "code": 88,
        "name": "Enter",
        "x": 21.5,
        "y": 4.5,
        "w": 1,
        "h": 2
      },
      {
        "id": 91,
        "text": "LCtrl",
        "code": 224,
        "name": "LCtrl",
        "x": 0,
        "y": 5.5,
        "w": 1.25,
        "h": 1
      },
      {
        "id": 92,
        "text": "LWin",
        "code": 227,
        "name": "LWin",
        "x": 1.25,
        "y": 5.5,
        "w": 1.25,
        "h": 1
      },
      {
        "id": 93,
        "text": "LAlt",
        "code": 226,
        "name": "LAlt",
        "x": 2.5,
        "y": 5.5,
        "w": 1.25,
        "h": 1
      },
      {
        "id": 94,
        "text": "SPACE",
        "code": 44,
        "name": "SPACE",
        "x": 3.75,
        "y": 5.5,
        "w": 6.25,
        "h": 1
      },
      {
        "id": 95,
        "text": "RAlt",
        "code": 230,
        "name": "RAlt",
        "x": 10,
        "y": 5.5,
        "w": 1.25,
        "h": 1
      },
      {
        "id": 96,
        "text": "RWin",
        "code": 231,
        "name": "RWin",
        "x": 11.25,
        "y": 5.5,
        "w": 1.25,
        "h": 1
      },
      {
        "id": 97,
        "text": "Meun",
        "code": 118,
        "name": "Meun",
        "x": 12.5,
        "y": 5.5,
        "w": 1.25,
        "h": 1
      },
      {
        "id": 98,
        "text": "RCtrl",
        "code": 228,
        "name": "RCtrl",
        "x": 13.75,
        "y": 5.5,
        "w": 1.25,
        "h": 1
      },
      {
        "id": 99,
        "text": "←",
        "code": 80,
        "name": "←",
        "x": 15.25,
        "y": 5.5,
        "w": 1,
        "h": 1
      },
      {
        "id": 100,
        "text": "↓",
        "code": 81,
        "name": "↓",
        "x": 16.25,
        "y": 5.5,
        "w": 1,
        "h": 1
      },
      {
        "id": 101,
        "text": "→",
        "code": 79,
        "name": "→",
        "x": 17.25,
        "y": 5.5,
        "w": 1,
        "h": 1
      },
      {
        "id": 102,
        "text": "0\nIns",
        "code": 98,
        "name": "0\nIns",
        "x": 18.5,
        "y": 5.5,
        "w": 2,
        "h": 1
      },
      {
        "id": 103,
        "text": ".\nDel",
        "code": 99,
        "name": ".\nDel",
        "x": 20.5,
        "y": 5.5,
        "w": 1,
        "h": 1
      }
  ]
}
