{
  "author": "zoroada",
  "cols": 15,
  "keycodes": [
    [
        [0, 0, 0, 0, 0, 0, 0, 0, 0, 0, 0, 0, 0, 0, 0],
        [0, 0, 0, 0, 0, 0, 0, 0, 0, 0, 0, 0, 0, 0, 0],
        [0, 0, 0, 0, 0, 0, 0, 0, 0, 0, 0, 0, 0, 0, 0],
        [0, 0, 0, 0, 0, 0, 0, 0, 0, 0, 0, 0, 0, 0, 0],
        [0, 0, 0, 0, 0, 0, 0, 0, 0, 0, 0, 0, 0, 0, 0]
    ],
    [
        [0, 0, 0, 0, 0, 0, 0, 0, 0, 0, 0, 0, 0, 0, 0],
        [0, 0, 0, 0, 0, 0, 0, 0, 0, 0, 0, 0, 0, 0, 0],
        [0, 0, 0, 0, 0, 0, 0, 0, 0, 0, 0, 0, 0, 0, 0],
        [0, 0, 0, 0, 0, 0, 0, 0, 0, 0, 0, 0, 0, 0, 0],
        [0, 0, 0, 0, 0, 0, 0, 0, 0, 0, 0, 0, 0, 0, 0]
    ],
    [
        [0, 0, 0, 0, 0, 0, 0, 0, 0, 0, 0, 0, 0, 0, 0],
        [0, 0, 0, 0, 0, 0, 0, 0, 0, 0, 0, 0, 0, 0, 0],
        [0, 0, 0, 0, 0, 0, 0, 0, 0, 0, 0, 0, 0, 0, 0],
        [0, 0, 0, 0, 0, 0, 0, 0, 0, 0, 0, 0, 0, 0, 0],
        [0, 0, 0, 0, 0, 0, 0, 0, 0, 0, 0, 0, 0, 0, 0]
    ],
    [
        [0, 0, 0, 0, 0, 0, 0, 0, 0, 0, 0, 0, 0, 0, 0],
        [0, 0, 0, 0, 0, 0, 0, 0, 0, 0, 0, 0, 0, 0, 0],
        [0, 0, 0, 0, 0, 0, 0, 0, 0, 0, 0, 0, 0, 0, 0],
        [0, 0, 0, 0, 0, 0, 0, 0, 0, 0, 0, 0, 0, 0, 0],
        [0, 0, 0, 0, 0, 0, 0, 0, 0, 0, 0, 0, 0, 0, 0]
    ],
    [
        [0, 0, 0, 0, 0, 0, 0, 0, 0, 0, 0, 0, 0, 0, 0],
        [0, 0, 0, 0, 0, 0, 0, 0, 0, 0, 0, 0, 0, 0, 0],
        [0, 0, 0, 0, 0, 0, 0, 0, 0, 0, 0, 0, 0, 0, 0],
        [0, 0, 0, 0, 0, 0, 0, 0, 0, 0, 0, 0, 0, 0, 0],
        [0, 0, 0, 0, 0, 0, 0, 0, 0, 0, 0, 0, 0, 0, 0]
    ],
    [
        [0, 0, 0, 0, 0, 0, 0, 0, 0, 0, 0, 0, 0, 0, 0],
        [0, 0, 0, 0, 0, 0, 0, 0, 0, 0, 0, 0, 0, 0, 0],
        [0, 0, 0, 0, 0, 0, 0, 0, 0, 0, 0, 0, 0, 0, 0],
        [0, 0, 0, 0, 0, 0, 0, 0, 0, 0, 0, 0, 0, 0, 0],
        [0, 0, 0, 0, 0, 0, 0, 0, 0, 0, 0, 0, 0, 0, 0]
    ],
    [
        [0, 0, 0, 0, 0, 0, 0, 0, 0, 0, 0, 0, 0, 0, 0],
        [0, 0, 0, 0, 0, 0, 0, 0, 0, 0, 0, 0, 0, 0, 0],
        [0, 0, 0, 0, 0, 0, 0, 0, 0, 0, 0, 0, 0, 0, 0],
        [0, 0, 0, 0, 0, 0, 0, 0, 0, 0, 0, 0, 0, 0, 0],
        [0, 0, 0, 0, 0, 0, 0, 0, 0, 0, 0, 0, 0, 0, 0]
    ],
    [
        [0, 0, 0, 0, 0, 0, 0, 0, 0, 0, 0, 0, 0, 0, 0],
        [0, 0, 0, 0, 0, 0, 0, 0, 0, 0, 0, 0, 0, 0, 0],
        [0, 0, 0, 0, 0, 0, 0, 0, 0, 0, 0, 0, 0, 0, 0],
        [0, 0, 0, 0, 0, 0, 0, 0, 0, 0, 0, 0, 0, 0, 0],
        [0, 0, 0, 0, 0, 0, 0, 0, 0, 0, 0, 0, 0, 0, 0]
    ]
  ],
  "layout": [
    {
      "keys": [
        { "c": 0, "r": 0, "x":0.5 },
        { "c": 1, "r": 0, "x":0.75 },
        { "c": 2, "r": 0 },
        { "c": 3, "r": 0, "y":0.25 },
        { "c": 4, "r": 0, "y":0.25 },
        { "c": 5, "r": 0, "y":0.25 },
        { "c": 6, "r": 0, "y":0.25 },
        { "c": 7, "r": 0 },
        { "c": 8, "r": 0, "x":0.25 },
        { "c": 9, "r": 0, "y":-0.25 },
        { "c": 10, "r": 0, "y":-0.25 },
        { "c": 11, "r": 0, "y":-0.25 },
        { "c": 12, "r": 0, "y":-0.25 },
        { "c": 13, "r": 0 },
        { "c": 14, "r": 0, "w":2 }
      ]
    },
    {
      "keys": [
        { "c": 0, "r": 1, "x":0.25 },
        { "c": 1, "r": 1, "x":0.5, "w":1.5},
        { "c": 2, "r": 1 },
        { "c": 3, "r": 1, "y":0.25 },
        { "c": 4, "r": 1, "y":0.25 },
        { "c": 5, "r": 1, "y":0.25 },
        { "c": 6, "r": 1, "y":0.25 },
        { "c": 7, "r": 1, "x":1.25 },
        { "c": 8, "r": 1, "y":-0.25 },
        { "c": 9, "r": 1, "y":-0.25 },
        { "c": 10, "r": 1, "y":-0.25 },
        { "c": 11, "r": 1, "y":-0.25 },
        { "c": 12, "r": 1 },
        { "c": 13, "r": 1 },
        { "c": 14, "r": 1, "w":1.5 }
      ]
    },
    {
      "keys": [
        { "c": 0, "r": 2 },
        { "c": 1, "r": 2, "x":0.5, "w":1.75 },
        { "c": 2, "r": 2 },
        { "c": 3, "r": 2, "y":0.25 },
        { "c": 4, "r": 2, "y":0.25 },
        { "c": 5, "r": 2, "y":0.25 },
        { "c": 6, "r": 2, "y":0.25 },
        { "c": 7, "r": 2, "x":1.25 },
        { "c": 8, "r": 2, "y":-0.25  },
        { "c": 9, "r": 2, "y":-0.25 },
        { "c": 10, "r": 2, "y":-0.25 },
        { "c": 11, "r": 2, "y":-0.25 },
        { "c": 12, "r": 2 },
        { "c": 14, "r": 2, "w":2.15 }
      ]
    },
    {
      "keys": [
        { "c": 1, "r": 3, "x":1, "w":2.25 },
        { "c": 2, "r": 3 },
        { "c": 3, "r": 3, "y":0.25 },
        { "c": 4, "r": 3, "y":0.25 },
        { "c": 5, "r": 3, "y":0.25 },
        { "c": 6, "r": 3, "y":0.25 },
        { "c": 7, "r": 3, "x":1.25 },
        { "c": 8, "r": 3, "y":-0.25 },
        { "c": 9, "r": 3, "y":-0.25 },
        { "c": 10, "r": 3, "y":-0.25 },
        { "c": 11, "r": 3, "y":-0.25 },
        { "c": 12, "r": 3 },
        { "c": 13, "r": 3 },
        { "c": 14, "r": 3, "w":1.75 }
      ]
    },
    {
      "keys": [
        { "c": 1, "r": 4, "x":1, "w":1.5 },
        { "c": 3, "r": 4, "x":1.25,"y":0.25, "w":1.5 },
        { "c": 5, "r": 4,"y":0.5, "w":2 },
        { "c": 6, "r": 4,"y":0.25, "w":1.25 },
        { "c": 8, "r": 4, "x":0.75, "w":2.75 },
        { "c": 10, "r": 4,"y":-0.5, "w":1.5 },
        { "c": 12, "r": 4, "x":1,"y":-0.5 },
        { "c": 13, "r": 4 },
        { "c": 14, "r": 4 }
      ]
    }
  ],
  "name": "zoro69",
  "product_id": 105,
  "rows": 5,
  "vendor_id": 1312,
  "version": "1.4.0"
}
