{
  "name": "zoro65",
  "author": "zoroada",
  "version": "1.4.0",
  "vendor_id":1312,
  "product_id":101,
  "rows": 5,
  "cols": 14,
  "layout": [
    {
      "keys": [
        { "r": 0, "c": 0 },
        { "r": 0, "c": 1 ,"x": 0.5},
        { "r": 0, "c": 2 },
        { "r": 0, "c": 3 },
        { "r": 0, "c": 4 },
        { "r": 0, "c": 5 ,"x": 0.25},
        { "r": 0, "c": 6 },
        { "r": 0, "c": 7 },
        { "r": 0, "c": 8 },
        { "r": 0, "c": 9 ,"x": 0.25},
        { "r": 0, "c": 10 },
        { "r": 0, "c": 11 },
        { "r": 0, "c": 12 },
        { "r": 0, "c": 13,"x": 0.5}
      ]
    },
    {
      "keys": [
        { "r": 1, "c": 0,"y": 0.25, "w": 1.5 },
        { "r": 1, "c": 1 },
        { "r": 1, "c": 2 },
        { "r": 1, "c": 3 },
        { "r": 1, "c": 4 },
        { "r": 1, "c": 5 },
        { "r": 1, "c": 6 },
        { "r": 1, "c": 7 },
        { "r": 1, "c": 8 },
        { "r": 1, "c": 9 },
        { "r": 1, "c": 10 },
        { "r": 1, "c": 11 },
        { "r": 1, "c": 12, "w": 1.5 },
        { "r": 1, "c": 13, "x": 0.5 }
      ]
    },
    {
      "keys": [
        { "r": 2, "c": 0, "w": 1.75 },
        { "r": 2, "c": 1 },
        { "r": 2, "c": 2 },
        { "r": 2, "c": 3 },
        { "r": 2, "c": 4 },
        { "r": 2, "c": 5 },
        { "r": 2, "c": 6 },
        { "r": 2, "c": 7 },
        { "r": 2, "c": 8 },
        { "r": 2, "c": 9 },
        { "r": 2, "c": 10 },
        { "r": 2, "c": 11, "w": 2.25 },
        { "r": 2, "c": 13, "x": 0.5 }
      ]
    },
    {
      "keys": [
        { "r": 3, "c": 0, "w": 2.25 },
        { "r": 3, "c": 1 },
        { "r": 3, "c": 2 },
        { "r": 3, "c": 3 },
        { "r": 3, "c": 4 },
        { "r": 3, "c": 5 },
        { "r": 3, "c": 6 },
        { "r": 3, "c": 7 },
        { "r": 3, "c": 8 },
        { "r": 3, "c": 9 },
        { "r": 3, "c": 10, "w": 1.75 },
        { "r": 3, "c": 12, "x": 0.25, "y": 0.25 },
        { "r": 3, "c": 13, "x": 0.25, "y": -0.25}
      ]
    },
    {
      "keys": [
        { "r": 4, "c": 0, "w": 1.25 },
        { "r": 4, "c": 1, "w": 1.25 },
        { "r": 4, "c": 2, "w": 1.25 },
        { "r": 4, "c": 3, "w": 2.75 },
        { "r": 4, "c": 5, "w": 2.25 },
        { "r": 4, "c": 8  },
        { "r": 4, "c": 9  },
        { "r": 4, "c": 10 },
        { "r": 4, "c": 11, "x": 0.5, "y": 0.25 },
        { "r": 4, "c": 12 },
        { "r": 4, "c": 13 }
      ]
    }
  ],
  "keycodes":[
    [
        [41, 30, 31, 32, 33, 34, 35, 36, 37, 38, 39, 45, 46, 42],
        [43, 20, 26, 8, 21, 23, 28, 24, 12, 18, 19, 47, 48, 49],
        [57, 4, 22, 7, 9, 10, 11, 13, 14, 15, 51, 52, 100, 40],
        [225, 29, 27, 6, 25, 5, 17, 16, 54, 55, 56, 229, 82,76],
        [224, 227, 226, 44, 0, 44, 0, 0, 41457,41713, 41969, 80, 81, 79]
      ],
      [
        [53, 58, 59, 60, 61, 62, 63, 64, 65, 66, 67, 68, 69, 76],
        [61441, 1, 82, 1, 1, 1, 1, 1, 1, 1, 1, 74, 73, 1],
        [61440, 80, 81, 79, 1, 1, 70, 71, 72, 1, 1, 77, 1, 1],
        [1, 1, 76, 1, 183, 168, 169, 170, 1, 75, 78, 1, 1, 1],
        [1, 1, 1, 1, 0, 1, 0, 0, 0, 0, 1, 1, 1, 1]
      ],
      [
        [0, 0, 0, 0, 0, 0, 0, 0, 0, 0, 0, 0, 0, 0],
        [0, 0, 0, 0, 0, 0, 0, 0, 0, 0, 0, 0, 0, 0],
        [0, 0, 0, 0, 0, 0, 0, 0, 0, 0, 0, 0, 0, 0],
        [0, 0, 0, 0, 0, 0, 0, 0, 0, 0, 0, 0, 0, 0],
        [0, 0, 0, 0, 0, 0, 0, 0, 0, 0, 0, 0, 0, 0]
      ],
      [
        [0, 0, 0, 0, 0, 0, 0, 0, 0, 0, 0, 0, 0, 0],
        [0, 0, 0, 0, 0, 0, 0, 0, 0, 0, 0, 0, 0, 0],
        [0, 0, 0, 0, 0, 0, 0, 0, 0, 0, 0, 0, 0, 0],
        [0, 0, 0, 0, 0, 0, 0, 0, 0, 0, 0, 0, 0, 0],
        [0, 0, 0, 0, 0, 0, 0, 0, 0, 0, 0, 0, 0, 0]
      ],
      [
        [0, 0, 0, 0, 0, 0, 0, 0, 0, 0, 0, 0, 0, 0],
        [0, 0, 0, 0, 0, 0, 0, 0, 0, 0, 0, 0, 0, 0],
        [0, 0, 0, 0, 0, 0, 0, 0, 0, 0, 0, 0, 0, 0],
        [0, 0, 0, 0, 0, 0, 0, 0, 0, 0, 0, 0, 0, 0],
        [0, 0, 0, 0, 0, 0, 0, 0, 0, 0, 0, 0, 0, 0]
      ],
      [
        [0, 0, 0, 0, 0, 0, 0, 0, 0, 0, 0, 0, 0, 0],
        [0, 0, 0, 0, 0, 0, 0, 0, 0, 0, 0, 0, 0, 0],
        [0, 0, 0, 0, 0, 0, 0, 0, 0, 0, 0, 0, 0, 0],
        [0, 0, 0, 0, 0, 0, 0, 0, 0, 0, 0, 0, 0, 0],
        [0, 0, 0, 0, 0, 0, 0, 0, 0, 0, 0, 0, 0, 0]
      ],
      [
        [0, 0, 0, 0, 0, 0, 0, 0, 0, 0, 0, 0, 0, 0],
        [0, 0, 0, 0, 0, 0, 0, 0, 0, 0, 0, 0, 0, 0],
        [0, 0, 0, 0, 0, 0, 0, 0, 0, 0, 0, 0, 0, 0],
        [0, 0, 0, 0, 0, 0, 0, 0, 0, 0, 0, 0, 0, 0],
        [0, 0, 0, 0, 0, 0, 0, 0, 0, 0, 0, 0, 0, 0]
      ],
      [
        [0, 0, 0, 0, 0, 0, 0, 0, 0, 0, 0, 0, 0, 0],
        [0, 0, 0, 0, 0, 0, 0, 0, 0, 0, 0, 0, 0, 0],
        [0, 0, 0, 0, 0, 0, 0, 0, 0, 0, 0, 0, 0, 0],
        [0, 0, 0, 0, 0, 0, 0, 0, 0, 0, 0, 0, 0, 0],
        [0, 0, 0, 0, 0, 0, 0, 0, 0, 0, 0, 0, 0, 0]
      ]
  ]
}
