{
    "name": "zoro96",
    "version": "1.4.0",
    "vendor_id":1312,
    "author": "zoroada",
    "product_id":150,
    "rows": 6,
    "cols": 19,
    "layout": [
      {
        "keys": [
          { "r": 0, "c": 0 },
          { "r": 0, "c": 1 },
          { "r": 0, "c": 2 },
          { "r": 0, "c": 3 },
          { "r": 0, "c": 4 },
          { "r": 0, "c": 5 },
          { "r": 0, "c": 6 },
          { "r": 0, "c": 7 },
          { "r": 0, "c": 8 },
          { "r": 0, "c": 9 },
          { "r": 0, "c": 10 },
          { "r": 0, "c": 11 },
          { "r": 0, "c": 12 },
          { "r": 0, "c": 13 },
          { "r": 0, "c": 14 },
          { "r": 0, "c": 15 },
          { "r": 0, "c": 16 },
          { "r": 0, "c": 17 },
          { "r": 0, "c": 18 }
        ]
      },
      {
        "keys": [
          { "r": 1, "c": 0 },
          { "r": 1, "c": 1 },
          { "r": 1, "c": 2 },
          { "r": 1, "c": 3 },
          { "r": 1, "c": 4 },
          { "r": 1, "c": 5 },
          { "r": 1, "c": 6 },
          { "r": 1, "c": 7 },
          { "r": 1, "c": 8 },
          { "r": 1, "c": 9 },
          { "r": 1, "c": 10 },
          { "r": 1, "c": 11 },
          { "r": 1, "c": 12 },
          { "r": 1, "c": 13, "w": 2 },
          { "r": 1, "c": 15 },
          { "r": 1, "c": 16 },
          { "r": 1, "c": 17 },
          { "r": 1, "c": 18 }
        ]
      },
      {
        "keys": [
          { "r": 2, "c": 0, "w": 1.5 },
          { "r": 2, "c": 1 },
          { "r": 2, "c": 2 },
          { "r": 2, "c": 3 },
          { "r": 2, "c": 4 },
          { "r": 2, "c": 5 },
          { "r": 2, "c": 6 },
          { "r": 2, "c": 7 },
          { "r": 2, "c": 8 },
          { "r": 2, "c": 9 },
          { "r": 2, "c": 10 },
          { "r": 2, "c": 11 },
          { "r": 2, "c": 12 },
          { "r": 2, "c": 13, "w": 1.5 },
          { "r": 2, "c": 15 },
          { "r": 2, "c": 16 },
          { "r": 2, "c": 17 },
          { "r": 2, "c": 18, "h": 2 }
        ]
      },
      {
        "keys": [
          { "r": 3, "c": 0, "w":1.75 },
          { "r": 3, "c": 1 },
          { "r": 3, "c": 2 },
          { "r": 3, "c": 3 },
          { "r": 3, "c": 4 },
          { "r": 3, "c": 5 },
          { "r": 3, "c": 6 },
          { "r": 3, "c": 7 },
          { "r": 3, "c": 8 },
          { "r": 3, "c": 9 },
          { "r": 3, "c": 10 },
          { "r": 3, "c": 11 },
          { "r": 3, "c": 13, "w":2.25 },
          { "r": 3, "c": 15 },
          { "r": 3, "c": 16 },
          { "r": 3, "c": 17 }
        ]
      },
      {
        "keys": [
          { "r": 4, "c": 0 , "w": 2.25 },
          { "r": 4, "c": 1 },
          { "r": 4, "c": 2 },
          { "r": 4, "c": 3 },
          { "r": 4, "c": 4 },
          { "r": 4, "c": 5 },
          { "r": 4, "c": 6 },
          { "r": 4, "c": 7 },
          { "r": 4, "c": 8 },
          { "r": 4, "c": 9 },
          { "r": 4, "c": 10 },
          { "r": 4, "c": 12,"w":1.75 },
          { "r": 4, "c": 14 },
          { "r": 4, "c": 15 },
          { "r": 4, "c": 16 },
          { "r": 4, "c": 17 },
          { "r": 4, "c": 18, "h": 2 }
        ]
      },
      {
        "keys": [
          { "r": 5, "c": 0, "w": 1.25 },
          { "r": 5, "c": 1, "w": 1.25  },
          { "r": 5, "c": 2, "w": 1.25  },
          { "r": 5, "c": 5, "w": 6.25  },
          { "r": 5, "c": 9 },
          { "r": 5, "c": 10 },
          { "r": 5, "c": 11 },
          { "r": 5, "c": 12 },
          { "r": 5, "c": 14 },
          { "r": 5, "c": 15 },
          { "r": 5, "c": 16 },
          { "r": 5, "c": 17 }
        ]
      }
    ],
    "keycodes":[
      [
        [0, 0, 0, 0, 0, 0, 0, 0, 0, 0, 0, 0, 0, 0, 0, 0, 0, 0, 0],
        [0, 0, 0, 0, 0, 0, 0, 0, 0, 0, 0, 0, 0, 0, 0, 0, 0, 0, 0],
        [0, 0, 0, 0, 0, 0, 0, 0, 0, 0, 0, 0, 0, 0, 0, 0, 0, 0, 0],
        [0, 0, 0, 0, 0, 0, 0, 0, 0, 0, 0, 0, 0, 0, 0, 0, 0, 0, 0],
        [0, 0, 0, 0, 0, 0, 0, 0, 0, 0, 0, 0, 0, 0, 0, 0, 0, 0, 0],
        [0, 0, 0, 0, 0, 0, 0, 0, 0, 0, 0, 0, 0, 0, 0, 0, 0, 0, 0]
        ],
        [
          [0, 0, 0, 0, 0, 0, 0, 0, 0, 0, 0, 0, 0, 0, 0, 0, 0, 0, 0],
          [0, 0, 0, 0, 0, 0, 0, 0, 0, 0, 0, 0, 0, 0, 0, 0, 0, 0, 0],
          [0, 0, 0, 0, 0, 0, 0, 0, 0, 0, 0, 0, 0, 0, 0, 0, 0, 0, 0],
          [0, 0, 0, 0, 0, 0, 0, 0, 0, 0, 0, 0, 0, 0, 0, 0, 0, 0, 0],
          [0, 0, 0, 0, 0, 0, 0, 0, 0, 0, 0, 0, 0, 0, 0, 0, 0, 0, 0],
          [0, 0, 0, 0, 0, 0, 0, 0, 0, 0, 0, 0, 0, 0, 0, 0, 0, 0, 0]
        ],
        [
          [0, 0, 0, 0, 0, 0, 0, 0, 0, 0, 0, 0, 0, 0, 0, 0, 0, 0, 0],
          [0, 0, 0, 0, 0, 0, 0, 0, 0, 0, 0, 0, 0, 0, 0, 0, 0, 0, 0],
          [0, 0, 0, 0, 0, 0, 0, 0, 0, 0, 0, 0, 0, 0, 0, 0, 0, 0, 0],
          [0, 0, 0, 0, 0, 0, 0, 0, 0, 0, 0, 0, 0, 0, 0, 0, 0, 0, 0],
          [0, 0, 0, 0, 0, 0, 0, 0, 0, 0, 0, 0, 0, 0, 0, 0, 0, 0, 0],
          [0, 0, 0, 0, 0, 0, 0, 0, 0, 0, 0, 0, 0, 0, 0, 0, 0, 0, 0]
        ],
        [
          [0, 0, 0, 0, 0, 0, 0, 0, 0, 0, 0, 0, 0, 0, 0, 0, 0, 0, 0],
          [0, 0, 0, 0, 0, 0, 0, 0, 0, 0, 0, 0, 0, 0, 0, 0, 0, 0, 0],
          [0, 0, 0, 0, 0, 0, 0, 0, 0, 0, 0, 0, 0, 0, 0, 0, 0, 0, 0],
          [0, 0, 0, 0, 0, 0, 0, 0, 0, 0, 0, 0, 0, 0, 0, 0, 0, 0, 0],
          [0, 0, 0, 0, 0, 0, 0, 0, 0, 0, 0, 0, 0, 0, 0, 0, 0, 0, 0],
          [0, 0, 0, 0, 0, 0, 0, 0, 0, 0, 0, 0, 0, 0, 0, 0, 0, 0, 0]
        ],
        [
          [0, 0, 0, 0, 0, 0, 0, 0, 0, 0, 0, 0, 0, 0, 0, 0, 0, 0, 0],
          [0, 0, 0, 0, 0, 0, 0, 0, 0, 0, 0, 0, 0, 0, 0, 0, 0, 0, 0],
          [0, 0, 0, 0, 0, 0, 0, 0, 0, 0, 0, 0, 0, 0, 0, 0, 0, 0, 0],
          [0, 0, 0, 0, 0, 0, 0, 0, 0, 0, 0, 0, 0, 0, 0, 0, 0, 0, 0],
          [0, 0, 0, 0, 0, 0, 0, 0, 0, 0, 0, 0, 0, 0, 0, 0, 0, 0, 0],
          [0, 0, 0, 0, 0, 0, 0, 0, 0, 0, 0, 0, 0, 0, 0, 0, 0, 0, 0]
        ],
        [
          [0, 0, 0, 0, 0, 0, 0, 0, 0, 0, 0, 0, 0, 0, 0, 0, 0, 0, 0],
          [0, 0, 0, 0, 0, 0, 0, 0, 0, 0, 0, 0, 0, 0, 0, 0, 0, 0, 0],
          [0, 0, 0, 0, 0, 0, 0, 0, 0, 0, 0, 0, 0, 0, 0, 0, 0, 0, 0],
          [0, 0, 0, 0, 0, 0, 0, 0, 0, 0, 0, 0, 0, 0, 0, 0, 0, 0, 0],
          [0, 0, 0, 0, 0, 0, 0, 0, 0, 0, 0, 0, 0, 0, 0, 0, 0, 0, 0],
          [0, 0, 0, 0, 0, 0, 0, 0, 0, 0, 0, 0, 0, 0, 0, 0, 0, 0, 0]
        ],
        [
          [0, 0, 0, 0, 0, 0, 0, 0, 0, 0, 0, 0, 0, 0, 0, 0, 0, 0, 0],
          [0, 0, 0, 0, 0, 0, 0, 0, 0, 0, 0, 0, 0, 0, 0, 0, 0, 0, 0],
          [0, 0, 0, 0, 0, 0, 0, 0, 0, 0, 0, 0, 0, 0, 0, 0, 0, 0, 0],
          [0, 0, 0, 0, 0, 0, 0, 0, 0, 0, 0, 0, 0, 0, 0, 0, 0, 0, 0],
          [0, 0, 0, 0, 0, 0, 0, 0, 0, 0, 0, 0, 0, 0, 0, 0, 0, 0, 0],
          [0, 0, 0, 0, 0, 0, 0, 0, 0, 0, 0, 0, 0, 0, 0, 0, 0, 0, 0]
        ],
        [
          [0, 0, 0, 0, 0, 0, 0, 0, 0, 0, 0, 0, 0, 0, 0, 0, 0, 0, 0],
          [0, 0, 0, 0, 0, 0, 0, 0, 0, 0, 0, 0, 0, 0, 0, 0, 0, 0, 0],
          [0, 0, 0, 0, 0, 0, 0, 0, 0, 0, 0, 0, 0, 0, 0, 0, 0, 0, 0],
          [0, 0, 0, 0, 0, 0, 0, 0, 0, 0, 0, 0, 0, 0, 0, 0, 0, 0, 0],
          [0, 0, 0, 0, 0, 0, 0, 0, 0, 0, 0, 0, 0, 0, 0, 0, 0, 0, 0],
          [0, 0, 0, 0, 0, 0, 0, 0, 0, 0, 0, 0, 0, 0, 0, 0, 0, 0, 0]
        ]
    ]
  }
