{
  "author": "zoroada",
  "cols": 15,
  "keycodes": [
    [
      [41, 30, 31, 32, 33, 34, 35, 36, 37, 38, 39, 45, 46, 0, 42],
      [43, 20, 26, 8, 21, 23, 28, 24, 12, 18, 19, 47, 48, 0, 49],
      [57, 4, 22, 7, 9, 10, 11, 13, 14, 15, 51, 0, 52, 40, 0],
      [225, 0, 29, 27, 6, 25, 5, 17, 16, 54, 55, 56, 0, 229, 0],
      [224, 0, 227, 226, 0, 0, 0, 44, 0, 230, 0, 0, 231, 118, 228]
    ],
    [
      [0, 0, 0, 0, 0, 0, 0, 0, 0, 0, 0, 0, 0, 0, 0],
      [0, 0, 0, 0, 0, 0, 0, 0, 0, 0, 0, 0, 0, 0, 0],
      [0, 0, 0, 0, 0, 0, 0, 0, 0, 0, 0, 0, 0, 0, 0],
      [0, 0, 0, 0, 0, 0, 0, 0, 0, 0, 0, 0, 0, 0, 0],
      [0, 0, 0, 0, 0, 0, 0, 0, 0, 0, 0, 0, 0, 0, 0]
    ],
    [
      [0, 0, 0, 0, 0, 0, 0, 0, 0, 0, 0, 0, 0, 0, 0],
      [0, 0, 0, 0, 0, 0, 0, 0, 0, 0, 0, 0, 0, 0, 0],
      [0, 0, 0, 0, 0, 0, 0, 0, 0, 0, 0, 0, 0, 0, 0],
      [0, 0, 0, 0, 0, 0, 0, 0, 0, 0, 0, 0, 0, 0, 0],
      [0, 0, 0, 0, 0, 0, 0, 0, 0, 0, 0, 0, 0, 0, 0]
    ],
    [
      [0, 0, 0, 0, 0, 0, 0, 0, 0, 0, 0, 0, 0, 0, 0],
      [0, 0, 0, 0, 0, 0, 0, 0, 0, 0, 0, 0, 0, 0, 0],
      [0, 0, 0, 0, 0, 0, 0, 0, 0, 0, 0, 0, 0, 0, 0],
      [0, 0, 0, 0, 0, 0, 0, 0, 0, 0, 0, 0, 0, 0, 0],
      [0, 0, 0, 0, 0, 0, 0, 0, 0, 0, 0, 0, 0, 0, 0]
    ],
    [
      [0, 0, 0, 0, 0, 0, 0, 0, 0, 0, 0, 0, 0, 0, 0],
      [0, 0, 0, 0, 0, 0, 0, 0, 0, 0, 0, 0, 0, 0, 0],
      [0, 0, 0, 0, 0, 0, 0, 0, 0, 0, 0, 0, 0, 0, 0],
      [0, 0, 0, 0, 0, 0, 0, 0, 0, 0, 0, 0, 0, 0, 0],
      [0, 0, 0, 0, 0, 0, 0, 0, 0, 0, 0, 0, 0, 0, 0]
    ],
    [
      [0, 0, 0, 0, 0, 0, 0, 0, 0, 0, 0, 0, 0, 0, 0],
      [0, 0, 0, 0, 0, 0, 0, 0, 0, 0, 0, 0, 0, 0, 0],
      [0, 0, 0, 0, 0, 0, 0, 0, 0, 0, 0, 0, 0, 0, 0],
      [0, 0, 0, 0, 0, 0, 0, 0, 0, 0, 0, 0, 0, 0, 0],
      [0, 0, 0, 0, 0, 0, 0, 0, 0, 0, 0, 0, 0, 0, 0]
    ],
    [
      [0, 0, 0, 0, 0, 0, 0, 0, 0, 0, 0, 0, 0, 0, 0],
      [0, 0, 0, 0, 0, 0, 0, 0, 0, 0, 0, 0, 0, 0, 0],
      [0, 0, 0, 0, 0, 0, 0, 0, 0, 0, 0, 0, 0, 0, 0],
      [0, 0, 0, 0, 0, 0, 0, 0, 0, 0, 0, 0, 0, 0, 0],
      [0, 0, 0, 0, 0, 0, 0, 0, 0, 0, 0, 0, 0, 0, 0]
    ],
    [
      [0, 0, 0, 0, 0, 0, 0, 0, 0, 0, 0, 0, 0, 0, 0],
      [0, 0, 0, 0, 0, 0, 0, 0, 0, 0, 0, 0, 0, 0, 0],
      [0, 0, 0, 0, 0, 0, 0, 0, 0, 0, 0, 0, 0, 0, 0],
      [0, 0, 0, 0, 0, 0, 0, 0, 0, 0, 0, 0, 0, 0, 0],
      [0, 0, 0, 0, 0, 0, 0, 0, 0, 0, 0, 0, 0, 0, 0]
    ]
  ],
  "layout": [
    {
      "keys": [
        {
          "c": 0,
          "r": 0
        },
        {
          "c": 1,
          "r": 0
        },
        {
          "c": 2,
          "r": 0
        },
        {
          "c": 3,
          "r": 0
        },
        {
          "c": 4,
          "r": 0
        },
        {
          "c": 5,
          "r": 0
        },
        {
          "c": 6,
          "r": 0
        },
        {
          "c": 7,
          "r": 0
        },
        {
          "c": 8,
          "r": 0
        },
        {
          "c": 9,
          "r": 0
        },
        {
          "c": 10,
          "r": 0
        },
        {
          "c": 11,
          "r": 0
        },
        {
          "c": 12,
          "r": 0
        },
        {
          "c": 14,
          "r": 0,
          "split": {
            "id": 0,
            "value": 0
          },
          "w": 2
        },
        {
          "c": 13,
          "r": 0,
          "split": {
            "id": 0,
            "value": 1
          }
        },
        {
          "c": 14,
          "r": 0,
          "split": {
            "id": 0,
            "value": 1
          }
        }
      ]
    },
    {
      "keys": [
        {
          "c": 0,
          "r": 1,
          "w": 1.5
        },
        {
          "c": 1,
          "r": 1
        },
        {
          "c": 2,
          "r": 1
        },
        {
          "c": 3,
          "r": 1
        },
        {
          "c": 4,
          "r": 1
        },
        {
          "c": 5,
          "r": 1
        },
        {
          "c": 6,
          "r": 1
        },
        {
          "c": 7,
          "r": 1
        },
        {
          "c": 8,
          "r": 1
        },
        {
          "c": 9,
          "r": 1
        },
        {
          "c": 10,
          "r": 1
        },
        {
          "c": 11,
          "r": 1
        },
        {
          "c": 12,
          "r": 1
        },
        {
          "c": 14,
          "r": 1,
          "split": {
            "id": 1,
            "value": 0
          },
          "w": 1.5
        },
        {
          "c": 14,
          "h": 2,
          "r": 1,
          "split": {
            "id": 1,
            "value": 1
          },
          "w": 1.25,
          "x": 0.25
        }
      ]
    },
    {
      "keys": [
        {
          "c": 0,
          "r": 2,
          "w": 1.75
        },
        {
          "c": 1,
          "r": 2
        },
        {
          "c": 2,
          "r": 2
        },
        {
          "c": 3,
          "r": 2
        },
        {
          "c": 4,
          "r": 2
        },
        {
          "c": 5,
          "r": 2
        },
        {
          "c": 6,
          "r": 2
        },
        {
          "c": 7,
          "r": 2
        },
        {
          "c": 8,
          "r": 2
        },
        {
          "c": 9,
          "r": 2
        },
        {
          "c": 10,
          "r": 2
        },
        {
          "c": 12,
          "r": 2
        },
        {
          "c": 13,
          "r": 2,
          "split": {
            "id": 1,
            "value": 0
          },
          "w": 2.25
        },
        {
          "c": 13,
          "r": 2,
          "split": {
            "id": 1,
            "value": 1
          }
        }
      ]
    },
    {
      "keys": [
        {
          "c": 0,
          "r": 3,
          "split": {
            "id": 2,
            "value": 0
          },
          "w": 2.25
        },
        {
          "c": 0,
          "r": 3,
          "split": {
            "id": 2,
            "value": 1
          },
          "w": 1.25
        },
        {
          "c": 1,
          "r": 3,
          "split": {
            "id": 2,
            "value": 1
          }
        },
        {
          "c": 2,
          "r": 3
        },
        {
          "c": 3,
          "r": 3
        },
        {
          "c": 4,
          "r": 3
        },
        {
          "c": 5,
          "r": 3
        },
        {
          "c": 6,
          "r": 3
        },
        {
          "c": 7,
          "r": 3
        },
        {
          "c": 8,
          "r": 3
        },
        {
          "c": 9,
          "r": 3
        },
        {
          "c": 10,
          "r": 3
        },
        {
          "c": 11,
          "r": 3
        },
        {
          "c": 13,
          "r": 3,
          "split": {
            "id": 3,
            "value": 0
          },
          "w": 2.75
        },
        {
          "c": 13,
          "r": 3,
          "split": {
            "id": 3,
            "value": 1
          },
          "w": 1.75
        },
        {
          "c": 14,
          "r": 3,
          "split": {
            "id": 3,
            "value": 1
          }
        }
      ]
    },
    {
      "keys": [
        {
          "c": 0,
          "r": 4,
          "split": {
            "id": 4,
            "value": 0
          },
          "w": 1.25
        },
        {
          "c": 0,
          "r": 4,
          "split": {
            "id": 4,
            "value": 1
          },
          "w": 1.5
        },
        {
          "c": 2,
          "r": 4,
          "split": {
            "id": 4,
            "value": 0
          },
          "w": 1.25
        },
        {
          "c": 2,
          "r": 4,
          "split": {
            "id": 4,
            "value": 1
          }
        },
        {
          "c": 3,
          "r": 4,
          "split": {
            "id": 4,
            "value": 0
          },
          "w": 1.25
        },
        {
          "c": 3,
          "r": 4,
          "split": {
            "id": 4,
            "value": 1
          },
          "w": 1.5
        },
        {
          "c": 7,
          "r": 4,
          "split": {
            "id": 4,
            "value": 0
          },
          "w": 6.25
        },
        {
          "c": 7,
          "r": 4,
          "split": {
            "id": 4,
            "value": 1
          },
          "w": 7
        },
        {
          "c": 9,
          "r": 4,
          "split": {
            "id": 4,
            "value": 0
          },
          "w": 1.25
        },
        {
          "c": 12,
          "r": 4,
          "split": {
            "id": 4,
            "value": 0
          },
          "w": 1.25
        },
        {
          "c": 12,
          "r": 4,
          "split": {
            "id": 4,
            "value": 1
          },
          "w": 1.5
        },
        {
          "c": 13,
          "r": 4,
          "split": {
            "id": 4,
            "value": 0
          },
          "w": 1.25
        },
        {
          "c": 13,
          "r": 4,
          "split": {
            "id": 4,
            "value": 1
          }
        },
        {
          "c": 14,
          "r": 4,
          "split": {
            "id": 4,
            "value": 0
          },
          "w": 1.25
        },
        {
          "c": 14,
          "r": 4,
          "split": {
            "id": 4,
            "value": 1
          },
          "w": 1.5
        }
      ]
    }
  ],
  "name": "zoro61S",
  "product_id": 4193,
  "rows": 5,
  "split": [
    {
      "desc": "B_SPACE",
      "id": 0,
      "split": ["2u", "1+1u"],
      "value": 0
    },
    {
      "desc": "ENTER",
      "id": 1,
      "split": ["2.25u", "ISO"],
      "value": 0
    },
    {
      "desc": "LSHIFT",
      "id": 2,
      "split": ["2.25u", "1.25+1u"],
      "value": 0
    },
    {
      "desc": "RSHIFT",
      "id": 3,
      "split": ["2.75u", "1.75+1u"],
      "value": 0
    },
    {
      "desc": "SPACE",
      "id": 4,
      "split": ["6.25u", "7u"],
      "value": 0
    }
  ],
  "vendor_id": 1312,
  "version": "1.4.0"
}
