{
  "author": "zoroada",
  "cols": 7,
  "name": "z_mouse",
  "product_id": 20,
  "rows": 3,
  "vendor_id": 1312,
  "version": "1.4.0",
  "keycodes": [
    [
      [0, 0, 0, 0, 0, 0, 0],
      [0, 0, 0, 0, 0, 0, 0],
      [0, 0, 0, 0, 0, 0, 0]
    ],
    [
      [0, 0, 0, 0, 0, 0, 0],
      [0, 0, 0, 0, 0, 0, 0],
      [0, 0, 0, 0, 0, 0, 0]
    ],
    [
      [0, 0, 0, 0, 0, 0, 0],
      [0, 0, 0, 0, 0, 0, 0],
      [0, 0, 0, 0, 0, 0, 0]
    ],
    [
      [0, 0, 0, 0, 0, 0, 0],
      [0, 0, 0, 0, 0, 0, 0],
      [0, 0, 0, 0, 0, 0, 0]
    ],
    [
      [0, 0, 0, 0, 0, 0, 0],
      [0, 0, 0, 0, 0, 0, 0],
      [0, 0, 0, 0, 0, 0, 0]
    ],
    [
      [0, 0, 0, 0, 0, 0, 0],
      [0, 0, 0, 0, 0, 0, 0],
      [0, 0, 0, 0, 0, 0, 0]
    ],
    [
      [0, 0, 0, 0, 0, 0, 0],
      [0, 0, 0, 0, 0, 0, 0],
      [0, 0, 0, 0, 0, 0, 0]
    ],
    [
      [0, 0, 0, 0, 0, 0, 0],
      [0, 0, 0, 0, 0, 0, 0],
      [0, 0, 0, 0, 0, 0, 0]
    ]
  ],
  "layout": [
    {
      "keys": [
        { "r": 0, "c": 0 },
        { "r": 0, "c": 1 },
        { "r": 0, "c": 2 },
        { "r": 0, "c": 3 },
        { "r": 0, "c": 4 },
        { "r": 0, "c": 5 },
        { "r": 0, "c": 6,"x": 0.25,"w":1.25,"h": 2 }
      ]
    },
    {
      "keys": [
        { "r": 1, "c": 0,"x": 0.25 },
        { "r": 1, "c": 1 },
        { "r": 1, "c": 2 },
        { "r": 1, "c": 3 },
        { "r": 1, "c": 4 },
        { "r": 1, "c": 5 },
        { "r": 1, "c": 6 ,"x": -5.25,"w":6,"y": 1 }
      ]
    }
  ]
}
