{
  "name": "zoro_1800",
  "author": "zoroada",
  "version": "1.4.0",
  "vendor_id":1312,
  "product_id":6160,
  "rows": 7,
  "cols": 19,
  "encoder": true,
  "encoder_arr": [4,5,6,7,8,9,10,11,12,13,14,15,16,17,18,19],
  "split": [
    {
      "desc": "B_SPACE",
      "id": 0,
      "split": ["2u", "1+1u"],
      "value": 0
    },
    {
      "desc": "ENTER",
      "id": 1,
      "split": ["2.25u", "ISO"],
      "value": 0
    },
    {
      "desc": "PAD_+",
      "id": 2,
      "split": ["2u", "1+1u"],
      "value": 0
    },
    {
      "desc": "P_ENTER",
      "id": 3,
      "split": ["2u", "1+1u"],
      "value": 0
    },
    {
      "desc": "SPACE",
      "id": 4,
      "split": ["6.25u", "7u","6u","2.25+2.75u","2.75+2.25u"],
      "value": 0
    }
  ],
  "layout": [
    {
      "keys": [
        { "r": 0, "c": 0 },
        { "r": 0, "c": 2 , "x":0.25  },
        { "r": 0, "c": 3 },
        { "r": 0, "c": 4 },
        { "r": 0, "c": 5 },
        { "r": 0, "c": 6 , "x":0.25},
        { "r": 0, "c": 7 },
        { "r": 0, "c": 8 },
        { "r": 0, "c": 9 },
        { "r": 0, "c": 10 , "x":0.25 },
        { "r": 0, "c": 11 },
        { "r": 0, "c": 12 },
        { "r": 0, "c": 13 },
        { "r": 0, "c": 15 , "x":1.75 },
        { "r": 0, "c": 16 },
        { "r": 0, "c": 17 },
        { "r": 0, "c": 18 }
      ]
    },
    {
      "keys": [
        { "r": 1, "c": 15, "x":15.5},
        { "r": 1, "c": 16 },
        { "r": 1, "c": 17 },
        { "r": 1, "c": 18 }
      ]
    },
    {
      "keys": [
        { "r": 2, "c": 0 },
        { "r": 2, "c": 1 },
        { "r": 2, "c": 2 },
        { "r": 2, "c": 3 },
        { "r": 2, "c": 4 },
        { "r": 2, "c": 5 },
        { "r": 2, "c": 6 },
        { "r": 2, "c": 7 },
        { "r": 2, "c": 8 },
        { "r": 2, "c": 9 },
        { "r": 2, "c": 10 },
        { "r": 2, "c": 11 },
        { "r": 2, "c": 12 },
        { "r": 2, "c": 14,"w":2,"split": {"id": 0,"value": 0}},
        { "r": 2, "c": 13,"split": {"id": 0,"value": 1}},
        { "r": 2, "c": 14,"split": {"id": 0,"value": 1}},
        { "r": 2, "c": 15,"x":0.5},
        { "r": 2, "c": 16 },
        { "r": 2, "c": 17 },
        { "r": 2, "c": 18 }
      ]
    },
    {
      "keys": [
        { "r": 3, "c": 0,"w":1.5},
        { "r": 3, "c": 1 },
        { "r": 3, "c": 2 },
        { "r": 3, "c": 3 },
        { "r": 3, "c": 4 },
        { "r": 3, "c": 5 },
        { "r": 3, "c": 6 },
        { "r": 3, "c": 7 },
        { "r": 3, "c": 8 },
        { "r": 3, "c": 9 },
        { "r": 3, "c": 10 },
        { "r": 3, "c": 11 },
        { "r": 3, "c": 12 },
        { "r": 3, "c": 13,"w":1.5,"split": {"id": 1,"value": 0}},
        { "r": 3, "c": 13,"x": 0.25,"w":1.25,"h": 2,"split": {"id": 1,"value": 1}},
        { "r": 3, "c": 15,"x": 0.5},
        { "r": 3, "c": 16 },
        { "r": 3, "c": 17 },
        { "r": 3, "c": 18 ,"h": 2,"split": {"id": 2,"value": 0}},
        { "r": 3, "c": 18 ,"split": {"id": 2,"value": 1}}
      ]
    },
    {
      "keys": [
        { "r": 4, "c": 0 ,"w":1.75},
        { "r": 4, "c": 2 },
        { "r": 4, "c": 3 },
        { "r": 4, "c": 4 },
        { "r": 4, "c": 5 },
        { "r": 4, "c": 6 },
        { "r": 4, "c": 7 },
        { "r": 4, "c": 8 },
        { "r": 4, "c": 9 },
        { "r": 4, "c": 10 },
        { "r": 4, "c": 11 },
        { "r": 4, "c": 12 },
        { "r": 4, "c": 13,"w":2.25,"split": {"id": 1,"value": 0}},
        { "r": 4, "c": 13,"split": {"id": 1,"value": 1}},
        { "r": 4, "c": 15,"x":0.5,"split": {"id": 1,"value": 0}},
        { "r": 4, "c": 15,"x":1.75,"split": {"id": 1,"value": 1}},
        { "r": 4, "c": 16 },
        { "r": 4, "c": 17 },
        { "r": 4, "c": 18,"split": {"id": 2,"value": 1} }
      ]
    },
    {
      "keys": [
        { "r": 5, "c": 0,"w":2.25},
        { "r": 5, "c": 2 },
        { "r": 5, "c": 3 },
        { "r": 5, "c": 4 },
        { "r": 5, "c": 5 },
        { "r": 5, "c": 6 },
        { "r": 5, "c": 7 },
        { "r": 5, "c": 8 },
        { "r": 5, "c": 9 },
        { "r": 5, "c": 10 },
        { "r": 5, "c": 11 },
        { "r": 5, "c": 12,"w":1.75},
        { "r": 5, "c": 14,"x":0.25,"y":0.25},
        { "r": 5, "c": 15,"x":0.25,"y":-0.25},
        { "r": 5, "c": 16 },
        { "r": 5, "c": 17 },
        { "r": 5, "c": 18,"h": 2,"split": {"id": 3,"value": 0} },
        { "r": 5, "c": 18,"split": {"id": 3,"value": 1} }
      ]
    },
    {
      "keys": [
        { "r": 6, "c": 0 ,"w": 1.25,"split": {"id": 4,"value": 0}},
        { "r": 6, "c": 1 ,"w": 1.25,"split": {"id": 4,"value": 0}},
        { "r": 6, "c": 2 ,"w": 1.25,"split": {"id": 4,"value": 0}},
        { "r": 6, "c": 5 ,"w": 6.25,"split": {"id": 4,"value": 0}},
        { "r": 6, "c": 10 ,"w": 1.5,"split": {"id": 4,"value": 0}},
        { "r": 6, "c": 12,"w": 1.5,"split": {"id": 4,"value": 0} },
        { "r": 6, "c": 0 ,"w": 1.5,"split": {"id": 4,"value": 1}},
        { "r": 6, "c": 1 ,"w": 1.5,"split": {"id": 4,"value": 1}},
        { "r": 6, "c": 5 ,"w": 7,"split": {"id": 4,"value": 1}},
        { "r": 6, "c": 10 ,"w": 1.5,"split": {"id": 4,"value": 1}},
        { "r": 6, "c": 12,"w": 1.5,"split": {"id": 4,"value": 1}},
        { "r": 6, "c": 0 ,"split": {"id": 4,"value": 2}},
        { "r": 6, "c": 1 ,"split": {"id": 4,"value": 2}},
        { "r": 6, "c": 2 ,"split": {"id": 4,"value": 2}},
        { "r": 6, "c": 5 ,"w": 6,"split": {"id": 4,"value": 2}},
        { "r": 6, "c": 8 ,"split": {"id": 4,"value": 2}},
        { "r": 6, "c": 10,"split": {"id": 4,"value": 2}},
        { "r": 6, "c": 11,"split": {"id": 4,"value": 2}},
        { "r": 6, "c": 12,"split": {"id": 4,"value": 2}},
        { "r": 6, "c": 0 ,"w": 1.5,"split": {"id": 4,"value": 3}},
        { "r": 6, "c": 1 ,"w": 1.25,"split": {"id": 4,"value": 3}},
        { "r": 6, "c": 2 ,"w": 1.5,"split": {"id": 4,"value": 3}},
        { "r": 6, "c": 5 ,"w": 2.25,"split": {"id": 4,"value": 3}},
        { "r": 6, "c": 8 ,"w": 2.75,"split": {"id": 4,"value": 3}},
        { "r": 6, "c": 10,"w": 1.5,"split": {"id": 4,"value": 3}},
        { "r": 6, "c": 11,"w": 1.25,"split": {"id": 4,"value": 3}},
        { "r": 6, "c": 12,"split": {"id": 4,"value": 3}},
        { "r": 6, "c": 0 ,"w": 1.5,"split": {"id": 4,"value": 4}},
        { "r": 6, "c": 1 ,"w": 1.25,"split": {"id": 4,"value": 4}},
        { "r": 6, "c": 2 ,"w": 1.5,"split": {"id": 4,"value": 4}},
        { "r": 6, "c": 5 ,"w": 2.75,"split": {"id": 4,"value": 4}},
        { "r": 6, "c": 8 ,"w": 2.25,"split": {"id": 4,"value": 4}},
        { "r": 6, "c": 10,"w": 1.5,"split": {"id": 4,"value": 4}},
        { "r": 6, "c": 11,"w": 1.25,"split": {"id": 4,"value": 4}},
        { "r": 6, "c": 12,"split": {"id": 4,"value": 4}},
        { "r": 6, "c": 13,"x": 0.25,"y": 0.25 },
        { "r": 6, "c": 14 },
        { "r": 6, "c": 15 },
        { "r": 6, "c": 16,"x": 0.25,"y": -0.25 },
        { "r": 6, "c": 17 },
        { "r": 6, "c": 18,"split": {"id": 3,"value": 1} }
      ]
    }
  ],
  "keycodes":[
    [
      [0, 0, 0, 0, 0, 0, 0, 0, 0, 0, 0, 0, 0, 0, 0, 0, 0, 0, 0],
      [0, 0, 0, 0, 0, 0, 0, 0, 0, 0, 0, 0, 0, 0, 0, 0, 0, 0, 0],
      [0, 0, 0, 0, 0, 0, 0, 0, 0, 0, 0, 0, 0, 0, 0, 0, 0, 0, 0],
      [0, 0, 0, 0, 0, 0, 0, 0, 0, 0, 0, 0, 0, 0, 0, 0, 0, 0, 0],
      [0, 0, 0, 0, 0, 0, 0, 0, 0, 0, 0, 0, 0, 0, 0, 0, 0, 0, 0],
      [0, 0, 0, 0, 0, 0, 0, 0, 0, 0, 0, 0, 0, 0, 0, 0, 0, 0, 0],
      [0, 0, 0, 0, 0, 0, 0, 0, 0, 0, 0, 0, 0, 0, 0, 0, 0, 0, 0]
      ],
      [
        [0, 0, 0, 0, 0, 0, 0, 0, 0, 0, 0, 0, 0, 0, 0, 0, 0, 0, 0],
        [0, 0, 0, 0, 0, 0, 0, 0, 0, 0, 0, 0, 0, 0, 0, 0, 0, 0, 0],
        [0, 0, 0, 0, 0, 0, 0, 0, 0, 0, 0, 0, 0, 0, 0, 0, 0, 0, 0],
        [0, 0, 0, 0, 0, 0, 0, 0, 0, 0, 0, 0, 0, 0, 0, 0, 0, 0, 0],
        [0, 0, 0, 0, 0, 0, 0, 0, 0, 0, 0, 0, 0, 0, 0, 0, 0, 0, 0],
        [0, 0, 0, 0, 0, 0, 0, 0, 0, 0, 0, 0, 0, 0, 0, 0, 0, 0, 0],
        [0, 0, 0, 0, 0, 0, 0, 0, 0, 0, 0, 0, 0, 0, 0, 0, 0, 0, 0]
      ],
      [
        [0, 0, 0, 0, 0, 0, 0, 0, 0, 0, 0, 0, 0, 0, 0, 0, 0, 0, 0],
        [0, 0, 0, 0, 0, 0, 0, 0, 0, 0, 0, 0, 0, 0, 0, 0, 0, 0, 0],
        [0, 0, 0, 0, 0, 0, 0, 0, 0, 0, 0, 0, 0, 0, 0, 0, 0, 0, 0],
        [0, 0, 0, 0, 0, 0, 0, 0, 0, 0, 0, 0, 0, 0, 0, 0, 0, 0, 0],
        [0, 0, 0, 0, 0, 0, 0, 0, 0, 0, 0, 0, 0, 0, 0, 0, 0, 0, 0],
        [0, 0, 0, 0, 0, 0, 0, 0, 0, 0, 0, 0, 0, 0, 0, 0, 0, 0, 0],
        [0, 0, 0, 0, 0, 0, 0, 0, 0, 0, 0, 0, 0, 0, 0, 0, 0, 0, 0]
      ],
      [
        [0, 0, 0, 0, 0, 0, 0, 0, 0, 0, 0, 0, 0, 0, 0, 0, 0, 0, 0],
        [0, 0, 0, 0, 0, 0, 0, 0, 0, 0, 0, 0, 0, 0, 0, 0, 0, 0, 0],
        [0, 0, 0, 0, 0, 0, 0, 0, 0, 0, 0, 0, 0, 0, 0, 0, 0, 0, 0],
        [0, 0, 0, 0, 0, 0, 0, 0, 0, 0, 0, 0, 0, 0, 0, 0, 0, 0, 0],
        [0, 0, 0, 0, 0, 0, 0, 0, 0, 0, 0, 0, 0, 0, 0, 0, 0, 0, 0],
        [0, 0, 0, 0, 0, 0, 0, 0, 0, 0, 0, 0, 0, 0, 0, 0, 0, 0, 0],
        [0, 0, 0, 0, 0, 0, 0, 0, 0, 0, 0, 0, 0, 0, 0, 0, 0, 0, 0]
      ],
      [
        [0, 0, 0, 0, 0, 0, 0, 0, 0, 0, 0, 0, 0, 0, 0, 0, 0, 0, 0],
        [0, 0, 0, 0, 0, 0, 0, 0, 0, 0, 0, 0, 0, 0, 0, 0, 0, 0, 0],
        [0, 0, 0, 0, 0, 0, 0, 0, 0, 0, 0, 0, 0, 0, 0, 0, 0, 0, 0],
        [0, 0, 0, 0, 0, 0, 0, 0, 0, 0, 0, 0, 0, 0, 0, 0, 0, 0, 0],
        [0, 0, 0, 0, 0, 0, 0, 0, 0, 0, 0, 0, 0, 0, 0, 0, 0, 0, 0],
        [0, 0, 0, 0, 0, 0, 0, 0, 0, 0, 0, 0, 0, 0, 0, 0, 0, 0, 0],
        [0, 0, 0, 0, 0, 0, 0, 0, 0, 0, 0, 0, 0, 0, 0, 0, 0, 0, 0]
      ],
      [
        [0, 0, 0, 0, 0, 0, 0, 0, 0, 0, 0, 0, 0, 0, 0, 0, 0, 0, 0],
        [0, 0, 0, 0, 0, 0, 0, 0, 0, 0, 0, 0, 0, 0, 0, 0, 0, 0, 0],
        [0, 0, 0, 0, 0, 0, 0, 0, 0, 0, 0, 0, 0, 0, 0, 0, 0, 0, 0],
        [0, 0, 0, 0, 0, 0, 0, 0, 0, 0, 0, 0, 0, 0, 0, 0, 0, 0, 0],
        [0, 0, 0, 0, 0, 0, 0, 0, 0, 0, 0, 0, 0, 0, 0, 0, 0, 0, 0],
        [0, 0, 0, 0, 0, 0, 0, 0, 0, 0, 0, 0, 0, 0, 0, 0, 0, 0, 0],
        [0, 0, 0, 0, 0, 0, 0, 0, 0, 0, 0, 0, 0, 0, 0, 0, 0, 0, 0]
      ],
      [
        [0, 0, 0, 0, 0, 0, 0, 0, 0, 0, 0, 0, 0, 0, 0, 0, 0, 0, 0],
        [0, 0, 0, 0, 0, 0, 0, 0, 0, 0, 0, 0, 0, 0, 0, 0, 0, 0, 0],
        [0, 0, 0, 0, 0, 0, 0, 0, 0, 0, 0, 0, 0, 0, 0, 0, 0, 0, 0],
        [0, 0, 0, 0, 0, 0, 0, 0, 0, 0, 0, 0, 0, 0, 0, 0, 0, 0, 0],
        [0, 0, 0, 0, 0, 0, 0, 0, 0, 0, 0, 0, 0, 0, 0, 0, 0, 0, 0],
        [0, 0, 0, 0, 0, 0, 0, 0, 0, 0, 0, 0, 0, 0, 0, 0, 0, 0, 0],
        [0, 0, 0, 0, 0, 0, 0, 0, 0, 0, 0, 0, 0, 0, 0, 0, 0, 0, 0]
      ],
      [
        [0, 0, 0, 0, 0, 0, 0, 0, 0, 0, 0, 0, 0, 0, 0, 0, 0, 0, 0],
        [0, 0, 0, 0, 0, 0, 0, 0, 0, 0, 0, 0, 0, 0, 0, 0, 0, 0, 0],
        [0, 0, 0, 0, 0, 0, 0, 0, 0, 0, 0, 0, 0, 0, 0, 0, 0, 0, 0],
        [0, 0, 0, 0, 0, 0, 0, 0, 0, 0, 0, 0, 0, 0, 0, 0, 0, 0, 0],
        [0, 0, 0, 0, 0, 0, 0, 0, 0, 0, 0, 0, 0, 0, 0, 0, 0, 0, 0],
        [0, 0, 0, 0, 0, 0, 0, 0, 0, 0, 0, 0, 0, 0, 0, 0, 0, 0, 0],
        [0, 0, 0, 0, 0, 0, 0, 0, 0, 0, 0, 0, 0, 0, 0, 0, 0, 0, 0]
      ]
  ]
}
